beta,dims,K_signal,K_signal_err,phase,n
0.4,8x8x8x16,0.062,0.0032,confined,48
0.5,8x8x8x16,0.0636,0.0034,confined,48
0.6,8x8x8x16,0.0633,0.0036,confined,48
0.7,8x8x8x16,0.0615,0.0035,confined,48
0.8,8x8x8x16,0.0662,0.0032,confined,48
0.9,8x8x8x16,0.0675,0.0028,confined,48
0.95,8x8x8x16,0.0701,0.0035,confined,48
1.0,8x8x8x16,0.0868,0.0036,confined,48
1.05,8x8x8x16,0.0817,0.0031,Coulomb,48
1.1,8x8x8x16,0.0757,0.0038,Coulomb,48
1.2,8x8x8x16,0.0705,0.0033,Coulomb,48
1.3,8x8x8x16,0.0723,0.0028,Coulomb,48
1.4,8x8x8x16,0.0741,0.0019,Coulomb,128
1.5,8x8x8x16,0.0749,0.0036,Coulomb,48
1.6,8x8x8x16,0.0737,0.0019,Coulomb,128
1.7,8x8x8x16,0.0762,0.0025,Coulomb,48
