group,beta,dims,confinement,confinement_err,mu,n
u1,0.4,8x8x8x16,0.062,0.0032,0.0,48
u1,0.5,8x8x8x16,0.0636,0.0034,0.0,48
u1,0.6,8x8x8x16,0.0633,0.0036,0.0,48
u1,0.7,8x8x8x16,0.0615,0.0035,0.0,48
u1,0.8,8x8x8x16,0.0662,0.0032,0.0,48
u1,0.9,8x8x8x16,0.0675,0.0028,0.0,48
u1,0.95,8x8x8x16,0.0701,0.0035,0.0,48
u1,1.0,8x8x8x16,0.0868,0.0036,0.0,48
u1,1.05,8x8x8x16,0.0817,0.0031,0.0,48
u1,1.1,8x8x8x16,0.0757,0.0038,0.0,48
u1,1.2,8x8x8x16,0.0705,0.0033,0.0,48
u1,1.3,8x8x8x16,0.0723,0.0028,0.0,48
u1,1.5,8x8x8x16,0.0749,0.0036,0.0,48
u1,1.7,8x8x8x16,0.0762,0.0025,0.0,48
u1,2.5,8x8x8x16,0.076,0.0019,0.0,128
su2,0.5,8x8x8x16,0.0598,0.0024,0.0,64
su2,0.6,8x8x8x16,0.0627,0.0026,0.0,48
su2,0.8,8x8x8x16,0.0597,0.0031,0.0,48
su2,1.0,8x8x8x16,0.0615,0.0032,0.0,48
su2,1.2,8x8x8x16,0.0638,0.0036,0.0,48
su2,1.4,8x8x8x16,0.0627,0.0029,0.0,48
su2,1.6,8x8x8x16,0.0636,0.0037,0.0,48
su2,1.8,8x8x8x16,0.0638,0.0029,0.0,48
su2,2.0,8x8x8x16,0.0669,0.0033,0.0,48
su2,2.2,8x8x8x16,0.0695,0.0033,0.0,48
su2,2.3,8x8x8x16,0.0722,0.002,0.0,128
su2,2.4,8x8x8x16,0.0671,0.0031,0.0,48
su2,2.6,8x8x8x16,0.0697,0.003,0.0,48
su2,2.8,8x8x8x16,0.0737,0.0027,0.0,48
