operator,beta,L,ncfg,nsmear,tau,C_over_C0,C_err,m_eff,m_eff_err,a_m_0pp_expected
action_density,2.3,8,256,0,0,1.0,0.0,1.566281,0.069333,1.2687
action_density,2.3,8,256,0,1,0.20882,0.014413,1.295807,0.329906,1.2687
action_density,2.3,8,256,0,2,0.057149,0.019598,0.228502,0.407652,1.2687
action_density,2.3,8,256,0,3,0.045475,0.019116,1.217528,0.990358,1.2687
action_density,2.3,8,256,0,4,0.013459,0.013937,,,1.2687
action_density,2.3,8,256,0,5,0.007621,0.014723,,,1.2687
action_density,2.3,8,256,0,6,0.021932,0.013284,,,1.2687
plaquette_0pp,2.3,8,256,0,0,1.0,0.0,2.102194,0.078528,1.2687
plaquette_0pp,2.3,8,256,0,1,0.122188,0.00964,1.113429,0.37268,1.2687
plaquette_0pp,2.3,8,256,0,2,0.04013,0.016832,1.772162,1.924254,1.2687
plaquette_0pp,2.3,8,256,0,3,0.006821,0.011183,,,1.2687
plaquette_0pp,2.3,8,256,0,4,-0.001593,0.016517,,,1.2687
plaquette_0pp,2.3,8,256,0,5,0.00503,0.019569,,,1.2687
plaquette_0pp,2.3,8,256,0,6,0.032491,0.014706,,,1.2687
action_density,2.3,8,256,8,0,1.0,0.0,1.732521,0.127505,1.2687
action_density,2.3,8,256,8,1,0.176838,0.023049,1.467965,0.51191,1.2687
action_density,2.3,8,256,8,2,0.040742,0.021344,-0.105376,0.527263,1.2687
action_density,2.3,8,256,8,3,0.04527,0.026059,0.416496,0.47442,1.2687
action_density,2.3,8,256,8,4,0.029849,0.023535,,,1.2687
action_density,2.3,8,256,8,5,-0.001131,0.013363,,,1.2687
action_density,2.3,8,256,8,6,0.009529,0.008188,,,1.2687
plaquette_0pp,2.3,8,256,8,0,1.0,0.0,1.511957,0.049578,1.2687
plaquette_0pp,2.3,8,256,8,1,0.220478,0.010931,2.010984,0.709076,1.2687
plaquette_0pp,2.3,8,256,8,2,0.029513,0.020382,0.734383,2.272394,1.2687
plaquette_0pp,2.3,8,256,8,3,0.01416,0.026757,-0.904752,2.344443,1.2687
plaquette_0pp,2.3,8,256,8,4,0.034994,0.017722,-0.109538,0.606245,1.2687
plaquette_0pp,2.3,8,256,8,5,0.039045,0.012865,,,1.2687
plaquette_0pp,2.3,8,256,8,6,0.002442,0.011045,,,1.2687
action_density,2.3,8,256,24,0,1.0,0.0,1.658212,0.118706,1.2687
action_density,2.3,8,256,24,1,0.190479,0.023091,1.341401,0.445537,1.2687
action_density,2.3,8,256,24,2,0.049806,0.023232,0.155422,0.416332,1.2687
action_density,2.3,8,256,24,3,0.042637,0.024561,0.306494,0.33317,1.2687
action_density,2.3,8,256,24,4,0.031382,0.023197,,,1.2687
action_density,2.3,8,256,24,5,0.001837,0.013063,,,1.2687
action_density,2.3,8,256,24,6,0.011318,0.009435,,,1.2687
plaquette_0pp,2.3,8,256,24,0,1.0,0.0,1.892793,0.114296,1.2687
plaquette_0pp,2.3,8,256,24,1,0.15065,0.017096,,,1.2687
plaquette_0pp,2.3,8,256,24,2,-0.008285,0.011999,,,1.2687
plaquette_0pp,2.3,8,256,24,3,-0.002231,0.011601,,,1.2687
plaquette_0pp,2.3,8,256,24,4,0.004378,0.017675,,,1.2687
plaquette_0pp,2.3,8,256,24,5,0.001975,0.01068,,,1.2687
plaquette_0pp,2.3,8,256,24,6,0.011493,0.019508,,,1.2687
action_density,2.3,12,256,0,0,1.0,0.0,1.623879,0.050101,1.2687
action_density,2.3,12,256,0,1,0.197132,0.010011,1.629264,0.271558,1.2687
action_density,2.3,12,256,0,2,0.038653,0.011157,1.459919,1.358484,1.2687
action_density,2.3,12,256,0,3,0.008977,0.010362,,,1.2687
action_density,2.3,12,256,0,4,0.003901,0.01037,,,1.2687
action_density,2.3,12,256,0,5,-0.005924,0.013582,,,1.2687
action_density,2.3,12,256,0,6,0.020319,0.010489,,,1.2687
plaquette_0pp,2.3,12,256,0,0,1.0,0.0,2.04489,0.11538,1.2687
plaquette_0pp,2.3,12,256,0,1,0.129394,0.015129,1.897973,0.469235,1.2687
plaquette_0pp,2.3,12,256,0,2,0.019393,0.008064,,,1.2687
plaquette_0pp,2.3,12,256,0,3,0.003753,0.010708,,,1.2687
plaquette_0pp,2.3,12,256,0,4,-0.004606,0.007983,,,1.2687
plaquette_0pp,2.3,12,256,0,5,0.003723,0.008748,,,1.2687
plaquette_0pp,2.3,12,256,0,6,0.024153,0.014113,,,1.2687
action_density,2.3,12,256,8,0,1.0,0.0,1.736789,0.067448,1.2687
action_density,2.3,12,256,8,1,0.176085,0.011674,1.209218,0.194074,1.2687
action_density,2.3,12,256,8,2,0.052549,0.011877,,,1.2687
action_density,2.3,12,256,8,3,-0.005,0.009424,,,1.2687
action_density,2.3,12,256,8,4,0.02394,0.014414,,,1.2687
action_density,2.3,12,256,8,5,-0.011401,0.013582,,,1.2687
action_density,2.3,12,256,8,6,0.002337,0.005769,,,1.2687
plaquette_0pp,2.3,12,256,8,0,1.0,0.0,1.521285,0.045846,1.2687
plaquette_0pp,2.3,12,256,8,1,0.218431,0.009962,1.57764,0.224609,1.2687
plaquette_0pp,2.3,12,256,8,2,0.045098,0.010959,,,1.2687
plaquette_0pp,2.3,12,256,8,3,-0.000774,0.018634,,,1.2687
plaquette_0pp,2.3,12,256,8,4,-0.013421,0.015736,,,1.2687
plaquette_0pp,2.3,12,256,8,5,0.004248,0.014989,,,1.2687
plaquette_0pp,2.3,12,256,8,6,0.021971,0.014371,,,1.2687
action_density,2.3,12,256,24,0,1.0,0.0,1.660514,0.066942,1.2687
action_density,2.3,12,256,24,1,0.190041,0.012504,1.270654,0.190621,1.2687
action_density,2.3,12,256,24,2,0.053335,0.011462,,,1.2687
action_density,2.3,12,256,24,3,-0.006031,0.007587,,,1.2687
action_density,2.3,12,256,24,4,0.023222,0.013312,,,1.2687
action_density,2.3,12,256,24,5,-0.011066,0.013246,,,1.2687
action_density,2.3,12,256,24,6,0.002307,0.007475,,,1.2687
plaquette_0pp,2.3,12,256,24,0,1.0,0.0,1.888279,0.065116,1.2687
plaquette_0pp,2.3,12,256,24,1,0.151332,0.00983,1.325608,0.401266,1.2687
plaquette_0pp,2.3,12,256,24,2,0.0402,0.016935,,,1.2687
plaquette_0pp,2.3,12,256,24,3,-0.016415,0.012653,,,1.2687
plaquette_0pp,2.3,12,256,24,4,0.012107,0.014993,,,1.2687
plaquette_0pp,2.3,12,256,24,5,0.008049,0.015369,,,1.2687
plaquette_0pp,2.3,12,256,24,6,0.026988,0.010552,,,1.2687
action_density,2.3,16,256,0,0,1.0,0.0,1.632243,0.033365,1.2687
action_density,2.3,16,256,0,1,0.195491,0.006507,2.263733,0.363087,1.2687
action_density,2.3,16,256,0,2,0.020324,0.00767,1.106395,2.161274,1.2687
action_density,2.3,16,256,0,3,0.006722,0.01253,,,1.2687
action_density,2.3,16,256,0,4,0.007414,0.010529,,,1.2687
action_density,2.3,16,256,0,5,-0.021173,0.011864,,,1.2687
action_density,2.3,16,256,0,6,-0.019615,0.012301,,,1.2687
plaquette_0pp,2.3,16,256,0,0,1.0,0.0,2.200999,0.100272,1.2687
plaquette_0pp,2.3,16,256,0,1,0.110692,0.011133,1.405532,0.451702,1.2687
plaquette_0pp,2.3,16,256,0,2,0.027146,0.011187,0.536406,0.647016,1.2687
plaquette_0pp,2.3,16,256,0,3,0.015876,0.015515,,,1.2687
plaquette_0pp,2.3,16,256,0,4,-0.009162,0.009233,,,1.2687
plaquette_0pp,2.3,16,256,0,5,0.000547,0.009491,,,1.2687
plaquette_0pp,2.3,16,256,0,6,-0.022874,0.00927,,,1.2687
action_density,2.3,16,256,8,0,1.0,0.0,1.746305,0.041936,1.2687
action_density,2.3,16,256,8,1,0.174417,0.007306,1.759823,0.387591,1.2687
action_density,2.3,16,256,8,2,0.030013,0.01039,0.815278,1.022467,1.2687
action_density,2.3,16,256,8,3,0.013281,0.009669,,,1.2687
action_density,2.3,16,256,8,4,-0.00417,0.016386,,,1.2687
action_density,2.3,16,256,8,5,-0.013404,0.013619,,,1.2687
action_density,2.3,16,256,8,6,0.001913,0.00965,,,1.2687
plaquette_0pp,2.3,16,256,8,0,1.0,0.0,1.476105,0.053123,1.2687
plaquette_0pp,2.3,16,256,8,1,0.228526,0.012217,1.139558,0.134458,1.2687
plaquette_0pp,2.3,16,256,8,2,0.073119,0.011798,0.614468,0.243879,1.2687
plaquette_0pp,2.3,16,256,8,3,0.039552,0.013185,1.283839,1.652482,1.2687
plaquette_0pp,2.3,16,256,8,4,0.010955,0.013511,,,1.2687
plaquette_0pp,2.3,16,256,8,5,0.010262,0.018295,,,1.2687
plaquette_0pp,2.3,16,256,8,6,-0.030529,0.010931,,,1.2687
action_density,2.3,16,256,24,0,1.0,0.0,1.696536,0.042088,1.2687
action_density,2.3,16,256,24,1,0.183317,0.007763,1.531556,0.276426,1.2687
action_density,2.3,16,256,24,2,0.039633,0.009679,1.047803,0.886545,1.2687
action_density,2.3,16,256,24,3,0.0139,0.010411,,,1.2687
action_density,2.3,16,256,24,4,-0.003726,0.016727,,,1.2687
action_density,2.3,16,256,24,5,-0.010211,0.012976,,,1.2687
action_density,2.3,16,256,24,6,0.001687,0.009762,,,1.2687
plaquette_0pp,2.3,16,256,24,0,1.0,0.0,1.91293,0.09285,1.2687
plaquette_0pp,2.3,16,256,24,1,0.147647,0.013877,1.260556,0.373609,1.2687
plaquette_0pp,2.3,16,256,24,2,0.041857,0.015477,0.454585,0.572553,1.2687
plaquette_0pp,2.3,16,256,24,3,0.026567,0.0162,0.390701,0.574486,1.2687
plaquette_0pp,2.3,16,256,24,4,0.017975,0.012048,-0.095273,1.14399,1.2687
plaquette_0pp,2.3,16,256,24,5,0.019772,0.013688,,,1.2687
plaquette_0pp,2.3,16,256,24,6,-0.002428,0.009707,,,1.2687
action_density,2.4,16,256,0,0,1.0,0.0,1.655507,0.032794,0.9451
action_density,2.4,16,256,0,1,0.190995,0.006246,1.964216,0.305794,0.9451
action_density,2.4,16,256,0,2,0.02679,0.007321,0.747859,0.644048,0.9451
action_density,2.4,16,256,0,3,0.012682,0.007781,,,0.9451
action_density,2.4,16,256,0,4,-0.003768,0.014951,,,0.9451
action_density,2.4,16,256,0,5,0.009001,0.015556,,,0.9451
action_density,2.4,16,256,0,6,-0.005318,0.014587,,,0.9451
plaquette_0pp,2.4,16,256,0,0,1.0,0.0,2.065101,0.091722,0.9451
plaquette_0pp,2.4,16,256,0,1,0.126805,0.011582,1.705261,0.318168,0.9451
plaquette_0pp,2.4,16,256,0,2,0.023044,0.009008,1.045718,1.193567,0.9451
plaquette_0pp,2.4,16,256,0,3,0.008098,0.007711,0.095951,1.572968,0.9451
plaquette_0pp,2.4,16,256,0,4,0.007358,0.009193,,,0.9451
plaquette_0pp,2.4,16,256,0,5,-0.000555,0.013445,,,0.9451
plaquette_0pp,2.4,16,256,0,6,0.00038,0.0094,,,0.9451
action_density,2.4,16,256,8,0,1.0,0.0,2.058038,0.140751,0.9451
action_density,2.4,16,256,8,1,0.127704,0.017931,1.694293,0.459097,0.9451
action_density,2.4,16,256,8,2,0.023463,0.012821,0.24019,0.558781,0.9451
action_density,2.4,16,256,8,3,0.018453,0.009841,,,0.9451
action_density,2.4,16,256,8,4,0.000728,0.017237,,,0.9451
action_density,2.4,16,256,8,5,-0.008643,0.011626,,,0.9451
action_density,2.4,16,256,8,6,-0.007271,0.012643,,,0.9451
plaquette_0pp,2.4,16,256,8,0,1.0,0.0,1.164514,0.013349,0.9451
plaquette_0pp,2.4,16,256,8,1,0.312074,0.004163,1.036283,0.151188,0.9451
plaquette_0pp,2.4,16,256,8,2,0.110715,0.016345,1.067001,0.355676,0.9451
plaquette_0pp,2.4,16,256,8,3,0.03809,0.014451,0.49071,0.542056,0.9451
plaquette_0pp,2.4,16,256,8,4,0.023319,0.012925,0.653273,1.817678,0.9451
plaquette_0pp,2.4,16,256,8,5,0.012134,0.013938,,,0.9451
plaquette_0pp,2.4,16,256,8,6,-0.008911,0.011099,,,0.9451
action_density,2.4,16,256,24,0,1.0,0.0,1.937432,0.125302,0.9451
action_density,2.4,16,256,24,1,0.144073,0.018,1.3794,0.234965,0.9451
action_density,2.4,16,256,24,2,0.036268,0.011133,0.422939,0.355495,0.9451
action_density,2.4,16,256,24,3,0.02376,0.011408,,,0.9451
action_density,2.4,16,256,24,4,0.009053,0.018308,,,0.9451
action_density,2.4,16,256,24,5,-0.013481,0.014007,,,0.9451
action_density,2.4,16,256,24,6,-0.012025,0.011005,,,0.9451
plaquette_0pp,2.4,16,256,24,0,1.0,0.0,1.216299,0.029825,0.9451
plaquette_0pp,2.4,16,256,24,1,0.296325,0.008882,0.966397,0.081762,0.9451
plaquette_0pp,2.4,16,256,24,2,0.112737,0.009962,1.068782,0.258401,0.9451
plaquette_0pp,2.4,16,256,24,3,0.038717,0.011034,,,0.9451
plaquette_0pp,2.4,16,256,24,4,0.006806,0.018098,,,0.9451
plaquette_0pp,2.4,16,256,24,5,-0.017939,0.013071,,,0.9451
plaquette_0pp,2.4,16,256,24,6,-0.013766,0.011793,,,0.9451
action_density,2.5,16,256,0,0,1.0,0.0,1.787003,0.057559,0.7144
action_density,2.5,16,256,0,1,0.167461,0.009597,2.405559,1.058737,0.7144
action_density,2.5,16,256,0,2,0.015108,0.012837,,,0.7144
action_density,2.5,16,256,0,3,-0.018226,0.009265,,,0.7144
action_density,2.5,16,256,0,4,-0.004558,0.01118,,,0.7144
action_density,2.5,16,256,0,5,0.004764,0.010925,,,0.7144
action_density,2.5,16,256,0,6,0.005791,0.01515,,,0.7144
plaquette_0pp,2.5,16,256,0,0,1.0,0.0,2.512099,0.173281,0.7144
plaquette_0pp,2.5,16,256,0,1,0.081098,0.013736,2.086962,2.689235,0.7144
plaquette_0pp,2.5,16,256,0,2,0.010061,0.014281,,,0.7144
plaquette_0pp,2.5,16,256,0,3,-0.020456,0.018666,,,0.7144
plaquette_0pp,2.5,16,256,0,4,0.008471,0.010475,-0.247108,2.493287,0.7144
plaquette_0pp,2.5,16,256,0,5,0.010845,0.007012,,,0.7144
plaquette_0pp,2.5,16,256,0,6,0.003954,0.01544,,,0.7144
action_density,2.5,16,256,8,0,1.0,0.0,2.437362,0.083881,0.7144
action_density,2.5,16,256,8,1,0.087391,0.007362,1.342085,0.290874,0.7144
action_density,2.5,16,256,8,2,0.022835,0.006475,,,0.7144
action_density,2.5,16,256,8,3,0.003215,0.009595,,,0.7144
action_density,2.5,16,256,8,4,-0.00399,0.013697,,,0.7144
action_density,2.5,16,256,8,5,-0.009481,0.011825,,,0.7144
action_density,2.5,16,256,8,6,-0.008848,0.01394,,,0.7144
plaquette_0pp,2.5,16,256,8,0,1.0,0.0,1.113462,0.021133,0.7144
plaquette_0pp,2.5,16,256,8,1,0.32842,0.006934,0.999901,0.067604,0.7144
plaquette_0pp,2.5,16,256,8,2,0.120831,0.007864,1.108474,0.232696,0.7144
plaquette_0pp,2.5,16,256,8,3,0.039882,0.009846,0.332636,0.2023,0.7144
plaquette_0pp,2.5,16,256,8,4,0.028596,0.007417,,,0.7144
plaquette_0pp,2.5,16,256,8,5,0.008573,0.011258,,,0.7144
plaquette_0pp,2.5,16,256,8,6,-0.009154,0.014047,,,0.7144
action_density,2.5,16,256,24,0,1.0,0.0,2.341776,0.069497,0.7144
action_density,2.5,16,256,24,1,0.096157,0.006701,1.330965,0.280492,0.7144
action_density,2.5,16,256,24,2,0.025407,0.006365,,,0.7144
action_density,2.5,16,256,24,3,0.006124,0.010141,,,0.7144
action_density,2.5,16,256,24,4,-0.004881,0.016269,,,0.7144
action_density,2.5,16,256,24,5,-0.015753,0.011837,,,0.7144
action_density,2.5,16,256,24,6,-0.005806,0.014168,,,0.7144
plaquette_0pp,2.5,16,256,24,0,1.0,0.0,0.889776,0.029625,0.7144
plaquette_0pp,2.5,16,256,24,1,0.410748,0.012135,0.795585,0.036396,0.7144
plaquette_0pp,2.5,16,256,24,2,0.185378,0.008227,0.699564,0.097936,0.7144
plaquette_0pp,2.5,16,256,24,3,0.092096,0.011138,0.609166,0.261932,0.7144
plaquette_0pp,2.5,16,256,24,4,0.050082,0.017124,0.24202,0.200117,0.7144
plaquette_0pp,2.5,16,256,24,5,0.039317,0.016626,1.089295,1.078438,0.7144
plaquette_0pp,2.5,16,256,24,6,0.013228,0.01312,,,0.7144
action_density,2.3,20,256,0,0,1.0,0.0,1.582305,0.026641,1.2687
action_density,2.3,20,256,0,1,0.205501,0.005496,1.455881,0.123332,1.2687
action_density,2.3,20,256,0,2,0.047922,0.005121,0.485244,0.43027,1.2687
action_density,2.3,20,256,0,3,0.029498,0.011994,,,1.2687
action_density,2.3,20,256,0,4,0.006362,0.016216,,,1.2687
action_density,2.3,20,256,0,5,0.002132,0.012011,,,1.2687
action_density,2.3,20,256,0,6,-0.01878,0.008752,,,1.2687
plaquette_0pp,2.3,20,256,0,0,1.0,0.0,2.14088,0.097303,1.2687
plaquette_0pp,2.3,20,256,0,1,0.117551,0.011487,1.549145,0.424426,1.2687
plaquette_0pp,2.3,20,256,0,2,0.024971,0.009273,-0.056694,0.668552,1.2687
plaquette_0pp,2.3,20,256,0,3,0.026428,0.011532,,,1.2687
plaquette_0pp,2.3,20,256,0,4,0.004449,0.012208,,,1.2687
plaquette_0pp,2.3,20,256,0,5,0.000558,0.008172,,,1.2687
plaquette_0pp,2.3,20,256,0,6,-0.003248,0.007035,,,1.2687
action_density,2.3,20,256,8,0,1.0,0.0,1.680131,0.014332,1.2687
action_density,2.3,20,256,8,1,0.18635,0.002672,1.151646,0.1942,1.2687
action_density,2.3,20,256,8,2,0.058908,0.011399,0.903681,0.508676,1.2687
action_density,2.3,20,256,8,3,0.023862,0.013075,0.757206,1.20946,1.2687
action_density,2.3,20,256,8,4,0.011191,0.014443,-0.453327,1.49719,1.2687
action_density,2.3,20,256,8,5,0.017609,0.005083,,,1.2687
action_density,2.3,20,256,8,6,-0.011389,0.009082,,,1.2687
plaquette_0pp,2.3,20,256,8,0,1.0,0.0,1.454528,0.055049,1.2687
plaquette_0pp,2.3,20,256,8,1,0.233511,0.012856,1.643003,0.185326,1.2687
plaquette_0pp,2.3,20,256,8,2,0.045161,0.009653,,,1.2687
plaquette_0pp,2.3,20,256,8,3,0.00257,0.012598,,,1.2687
plaquette_0pp,2.3,20,256,8,4,-0.002575,0.014805,,,1.2687
plaquette_0pp,2.3,20,256,8,5,0.022693,0.009701,0.231184,0.568249,1.2687
plaquette_0pp,2.3,20,256,8,6,0.018009,0.008112,,,1.2687
action_density,2.3,20,256,24,0,1.0,0.0,1.598593,0.009509,1.2687
action_density,2.3,20,256,24,1,0.202181,0.001924,1.167963,0.180526,1.2687
action_density,2.3,20,256,24,2,0.062878,0.010977,1.067086,0.568024,1.2687
action_density,2.3,20,256,24,3,0.021631,0.012713,,,1.2687
action_density,2.3,20,256,24,4,0.010653,0.015774,,,1.2687
action_density,2.3,20,256,24,5,0.013262,0.004093,,,1.2687
action_density,2.3,20,256,24,6,-0.009952,0.007948,,,1.2687
plaquette_0pp,2.3,20,256,24,0,1.0,0.0,1.841362,0.062754,1.2687
plaquette_0pp,2.3,20,256,24,1,0.158601,0.00996,1.217078,0.192404,1.2687
plaquette_0pp,2.3,20,256,24,2,0.046961,0.011445,,,1.2687
plaquette_0pp,2.3,20,256,24,3,-0.001004,0.012781,,,1.2687
plaquette_0pp,2.3,20,256,24,4,0.00138,0.009077,,,1.2687
plaquette_0pp,2.3,20,256,24,5,0.023239,0.004597,0.077756,0.512693,1.2687
plaquette_0pp,2.3,20,256,24,6,0.0215,0.012637,,,1.2687
