smearing,n_moment,lambda1,lambda1_err,isolation,H0_psd,a_m0pp,kept
8,2,0.3559,0.0847,8.3,-0.008,1.0331,2
8,3,0.2444,0.2583,nan,-0.028,1.409,1
8,4,0.517,0.5074,2.7,-0.032,0.6598,2
16,2,0.3847,0.1564,5.6,-0.004,0.9553,2
16,3,0.3674,0.3267,6.3,-0.024,1.0012,2
16,4,0.6613,1.0699,3.8,-0.028,0.4136,2
24,2,0.5843,14.8611,3.8,0.001,0.5373,3
24,3,0.4174,0.1417,7.2,-0.015,0.8736,2
24,4,0.5522,0.2278,5.6,-0.023,0.5939,2
32,2,0.5867,0.2656,8.1,0.003,0.5332,3
32,3,0.4545,0.1551,8.6,-0.011,0.7885,2
32,4,0.5282,0.1324,7.9,-0.015,0.6383,2
