lambda,route,jmax,dim,mu,E1_lower,E0_upper,gap_lower,kappa0_upper,clears_floor,trunc_min,trunc_max,trunc_spread,tail_lifts,tail_shift,tail_m,tail_negatives
0.160000,absolute,30,61,0.27470000,0.27470000,,0.27470000,0.27465307,yes,0.27470000,0.27470000,0.00e+00,yes,0.27470000,0,0
0.270000,absolute,30,61,0.27470000,0.27470000,,0.27470000,0.27465307,yes,0.27470000,0.27470000,0.00e+00,yes,0.27470000,1,0
0.380000,absolute,30,61,0.27470000,0.27470000,,0.27470000,0.27465307,yes,0.27470000,0.27470000,0.00e+00,yes,0.27470000,1,0
0.490000,absolute,30,61,0.27470000,0.27470000,,0.27470000,0.27465307,yes,0.27470000,0.27470000,0.00e+00,yes,0.27470000,1,0
0.600000,absolute,30,61,0.27470000,0.27470000,,0.27470000,0.27465307,yes,0.27470000,0.27470000,0.00e+00,yes,0.27470000,1,0
0.710000,absolute,30,61,0.27470000,0.27470000,,0.27470000,0.27465307,yes,0.27470000,0.27470000,0.00e+00,yes,0.27470000,1,0
0.820000,absolute,30,61,0.27470000,0.27470000,,0.27470000,0.27465307,yes,0.27470000,0.27470000,0.00e+00,yes,0.27470000,1,0
0.930000,absolute,30,61,0.27470000,0.27470000,,0.27470000,0.27465307,yes,0.27470000,0.27470000,0.00e+00,yes,0.27470000,2,1
1.040000,absolute,30,61,0.27470000,0.27470000,,0.27470000,0.27465307,yes,0.27470000,0.27470000,0.00e+00,yes,0.27470000,2,1
1.150000,absolute,30,61,0.27470000,0.27470000,,0.27470000,0.27465307,yes,0.27470000,0.27470000,0.00e+00,yes,0.27470000,2,1
1.260000,absolute,30,61,0.27470000,0.27470000,,0.27470000,0.27465307,yes,0.27470000,0.27470000,0.00e+00,yes,0.27470000,2,1
1.370000,absolute,30,61,0.27470000,0.27470000,,0.27470000,0.27465307,yes,0.27470000,0.27470000,0.00e+00,yes,0.27470000,2,1
1.480000,absolute,30,61,0.27470000,0.27470000,,0.27470000,0.27465307,yes,0.27470000,0.27470000,0.00e+00,yes,0.27470000,2,1
1.590000,absolute,30,61,0.27470000,0.27470000,,0.27470000,0.27465307,yes,0.27470000,0.27470000,0.00e+00,yes,0.27470000,2,1
1.700000,absolute,30,61,0.27470000,0.27470000,,0.27470000,0.27465307,yes,0.27470000,0.27470000,0.00e+00,yes,0.27470000,2,1
1.810000,absolute,30,61,0.27470000,0.27470000,,0.27470000,0.27465307,yes,0.27470000,0.27470000,0.00e+00,yes,0.27470000,3,1
1.920000,absolute,30,61,0.27470000,0.27470000,,0.27470000,0.27465307,yes,0.27470000,0.27470000,0.00e+00,yes,0.27470000,3,1
2.030000,relative,30,61,0.27470000,0.24579532,-2.17348423,2.41927955,0.27465307,yes,2.49990040,2.50023684,3.36e-04,yes,0.24579532,3,1
2.140000,relative,30,61,0.27470000,0.16048339,-2.34080239,2.50128578,0.27465307,yes,2.57740278,2.57768212,2.79e-04,yes,0.16048339,3,1
2.250000,relative,30,61,0.27470000,0.07167110,-2.50920040,2.58087150,0.27465307,yes,2.65285284,2.65308597,2.33e-04,yes,0.07167110,3,1
2.360000,relative,30,61,0.27470000,-0.02038282,-2.67861424,2.65823143,0.27465307,yes,2.72640544,2.72660095,1.96e-04,yes,-0.02038282,3,2
2.470000,relative,30,61,0.27470000,-0.11544937,-2.84898646,2.73353709,0.27465307,yes,2.79819743,2.79836211,1.65e-04,yes,-0.11544937,3,2
2.580000,relative,30,61,0.27470000,-0.21332498,-3.02026463,2.80693964,0.27465307,yes,2.86835016,2.86848948,1.39e-04,yes,-0.21332498,3,2
2.690000,relative,30,61,0.27470000,-0.31382787,-3.19240212,2.87857425,0.27465307,yes,2.93697185,2.93709019,1.18e-04,yes,-0.31382787,3,2
2.800000,relative,30,61,0.27470000,-0.41679494,-3.36535478,2.94855985,0.27465307,yes,3.00415931,3.00426024,1.01e-04,yes,-0.41679494,3,2
2.910000,relative,30,61,0.27470000,-0.52207927,-3.53908406,3.01700479,0.27465307,yes,3.06999963,3.07008601,8.64e-05,yes,-0.52207927,3,2
3.020000,relative,30,61,0.27470000,-0.62954799,-3.71355230,3.08400431,0.27465307,yes,3.13457133,3.13464555,7.42e-05,yes,-0.62954799,3,2
3.130000,relative,30,61,0.27470000,-0.73908045,-3.88872669,3.14964624,0.27465307,yes,3.19794560,3.19800963,6.40e-05,yes,-0.73908045,3,2
3.240000,relative,30,61,0.27470000,-0.85056675,-4.06457563,3.21400888,0.27465307,yes,3.26018719,3.26024266,5.55e-05,yes,-0.85056675,3,2
3.350000,relative,30,61,0.27470000,-0.96390641,-4.24107063,3.27716423,0.27465307,yes,3.32135515,3.32140343,4.83e-05,yes,-0.96390641,3,2
3.460000,relative,30,61,0.27470000,-1.07900730,-4.41818468,3.33917738,0.27465307,yes,3.38150358,3.38154583,4.22e-05,yes,-1.07900730,3,2
3.570000,relative,30,61,0.27470000,-1.19578470,-4.59589294,3.40010824,0.27465307,yes,3.44068214,3.44071935,3.72e-05,yes,-1.19578470,3,2
3.680000,relative,30,61,0.27470000,-1.31416048,-4.77417153,3.46001105,0.27465307,yes,3.49893656,3.49896961,3.30e-05,yes,-1.31416048,4,2
3.790000,relative,30,61,0.27470000,-1.43406242,-4.95299930,3.51893687,0.27465307,yes,3.55630906,3.55633872,2.97e-05,yes,-1.43406242,4,2
3.900000,relative,30,61,0.27470000,-1.55542360,-5.13235499,3.57693139,0.27465307,yes,3.61283875,3.61286571,2.70e-05,yes,-1.55542360,4,2
4.010000,relative,30,61,0.27470000,-1.67818183,-5.31221991,3.63403808,0.27465307,yes,3.66856188,3.66858679,2.49e-05,yes,-1.67818183,4,2
4.120000,relative,30,61,0.27470000,-1.80227925,-5.49257582,3.69029657,0.27465307,yes,3.72351219,3.72353567,2.35e-05,yes,-1.80227925,4,2
4.230000,relative,30,61,0.27470000,-1.92766191,-5.67340552,3.74574362,0.27465307,yes,3.77772111,3.77774376,2.27e-05,yes,-1.92766191,4,2
4.340000,relative,30,61,0.27470000,-2.05427935,-5.85469301,3.80041366,0.27465307,yes,3.83121797,3.83124041,2.24e-05,yes,-2.05427935,4,2
4.450000,relative,30,61,0.27470000,-2.18208438,-6.03642289,3.85433851,0.27465307,yes,3.88403024,3.88405308,2.28e-05,yes,-2.18208438,4,2
4.560000,relative,30,61,0.27470000,-2.31103272,-6.21858093,3.90754822,0.27465307,yes,3.93618364,3.93620753,2.39e-05,yes,-2.31103272,4,2
4.670000,relative,30,61,0.27470000,-2.44108278,-6.40115322,3.96007044,0.27465307,yes,3.98770232,3.98772796,2.56e-05,yes,-2.44108278,4,2
4.780000,relative,30,61,0.27470000,-2.57219546,-6.58412697,4.01193150,0.27465307,yes,4.03860897,4.03863711,2.81e-05,yes,-2.57219546,4,2
4.890000,relative,30,61,0.27470000,-2.70433390,-6.76749032,4.06315643,0.27465307,yes,4.08892497,4.08895644,3.15e-05,yes,-2.70433390,4,2
5.000000,relative,30,61,0.27470000,-2.83746332,-6.95123061,4.11376729,0.27465307,yes,4.13867048,4.13870619,3.57e-05,yes,-2.83746332,4,2
5.110000,relative,30,61,0.27470000,-2.97155089,-7.13533764,4.16378674,0.27465307,yes,4.18786452,4.18790547,4.09e-05,yes,-2.97155089,4,2
5.220000,relative,30,61,0.27470000,-3.10656555,-7.31980021,4.21323467,0.27465307,yes,4.23652509,4.23657238,4.73e-05,yes,-3.10656555,4,2
5.330000,relative,30,61,0.27470000,-3.24247786,-7.50460855,4.26213068,0.27465307,yes,4.28466922,4.28472409,5.49e-05,yes,-3.24247786,4,2
5.440000,relative,30,61,0.27470000,-3.37925995,-7.68975283,4.31049289,0.27465307,yes,4.33231306,4.33237685,6.38e-05,yes,-3.37925995,4,2
5.550000,relative,30,61,0.27470000,-3.51688532,-7.87522408,4.35833876,0.27465307,yes,4.37947191,4.37954615,7.42e-05,yes,-3.51688532,4,2
5.660000,relative,30,61,0.27470000,-3.65532882,-8.06101306,4.40568425,0.27465307,yes,4.42616033,4.42624667,8.63e-05,yes,-3.65532882,4,2
5.770000,relative,30,61,0.27470000,-3.79456652,-8.24711205,4.45254553,0.27465307,yes,4.47239215,4.47249244,1.00e-04,yes,-3.79456652,4,2
5.880000,relative,30,61,0.27470000,-3.93457563,-8.43351243,4.49893679,0.27465307,yes,4.51818054,4.51829679,1.16e-04,yes,-3.93457563,4,2
5.990000,relative,30,61,0.27470000,-4.07533445,-8.62020671,4.54487227,0.27465307,yes,4.56353804,4.56367247,1.34e-04,yes,-4.07533445,4,2
6.100000,relative,30,61,0.27470000,-4.21682224,-8.80718720,4.59036496,0.27465307,yes,4.60847661,4.60863167,1.55e-04,yes,-4.21682224,4,2
6.210000,relative,30,61,0.27470000,-4.35901925,-8.99444739,4.63542814,0.27465307,yes,4.65300768,4.65318601,1.78e-04,yes,-4.35901925,4,2
6.320000,relative,30,61,0.27470000,-4.50190657,-9.18197982,4.68007325,0.27465307,yes,4.69714215,4.69734665,2.04e-04,yes,-4.50190657,4,2
6.430000,relative,30,61,0.27470000,-4.64546613,-9.36977842,4.72431230,0.27465307,yes,4.74089045,4.74112426,2.34e-04,yes,-4.64546613,4,2
6.540000,relative,30,61,0.27470000,-4.78968063,-9.55783664,4.76815601,0.27465307,yes,4.78426256,4.78452910,2.67e-04,yes,-4.78968063,4,2
6.650000,relative,30,61,0.27470000,-4.93453351,-9.74614844,4.81161493,0.27465307,yes,4.82726804,4.82757100,3.03e-04,yes,-4.93453351,4,2
6.760000,relative,30,61,0.27470000,-5.08000888,-9.93470832,4.85469944,0.27465307,yes,4.86991604,4.87025940,3.43e-04,yes,-5.08000888,4,2
