beta,nconfigs,d2_central,eb_upper_99,eb_upper_99.9,eb_upper_99.9999,under_ceiling_3.2480,ceiling_upper_delta_1e-30
0.50,96,0.02069,0.6889,0.8662,1.3712,yes,4.7404
0.80,120,0.02996,0.6284,0.7876,1.2427,yes,4.3267
1.00,192,0.04846,0.4673,0.5718,0.8685,yes,2.9284
1.20,192,0.02373,0.4638,0.5767,0.8980,yes,3.1461
1.40,192,0.04371,0.4475,0.5549,0.8598,yes,3.0027
1.60,192,0.06456,0.5130,0.6235,0.9374,yes,3.1871
1.80,192,0.08483,0.4694,0.5731,0.8679,yes,3.0259
2.00,192,0.12508,0.4995,0.5984,0.8796,yes,3.0052
2.20,192,0.19211,0.6001,0.7020,0.9917,yes,3.2456
2.30,216,0.18910,0.5749,0.6706,0.9437,yes,3.0848
2.40,288,0.15915,0.4252,0.4937,0.6882,yes,2.1740
2.50,240,0.15204,0.4966,0.5846,0.8354,yes,2.7792
2.60,192,0.13637,0.5012,0.5958,0.8644,yes,2.9201
