beta,nconfigs,d2_mean,d2_boot_err,eb_upper_999
0.50,96,0.027469,0.015633,0.866154
0.80,120,0.035771,0.014932,0.787593
1.00,192,0.053216,0.012448,0.571767
1.20,192,0.032378,0.010062,0.576667
1.40,192,0.046683,0.009898,0.554802
1.60,192,0.074009,0.013003,0.623473
1.80,192,0.089174,0.007101,0.573081
2.00,192,0.131862,0.008425,0.598353
2.20,192,0.198711,0.014347,0.701914
2.30,120,0.205593,0.017196,0.935879
2.40,192,0.162641,0.011112,0.618024
2.50,144,0.153422,0.012265,0.762709
2.60,192,0.143361,0.007152,0.595714
