group,L,T,beta,collection,field,test,reference,bracket_half_gap,n_configs,stored_mean,stored_sem,equilibrium_mean,equilibrium_sem,offset,sigma,verdict,eq_method,eq_sweeps,eq_n
su2,8,16,0.5,configs_phase1,density,level_vs_reference,hot_only,,64,5.259589,0.00153,5.256611,0.002518,0.002978,1.0,at_equilibrium,heatbath,120,8
su2,8,16,0.6,configs_paper83,density,level_vs_reference,hot_only,,48,5.111936,0.001937,5.112295,0.002513,-0.000359,0.1,at_equilibrium,heatbath,120,8
su2,8,16,0.8,configs_paper83,density,level_vs_reference,hot_only,,48,4.824705,0.001764,4.823077,0.002669,0.001628,0.5,at_equilibrium,heatbath,120,8
su2,8,16,1.0,configs_paper83,density,level_vs_reference,hot_only,,48,4.53701,0.001975,4.536055,0.002403,0.000955,0.3,at_equilibrium,heatbath,120,8
su2,8,16,1.2,configs_paper83,density,level_vs_reference,hot_only,,48,4.258952,0.001642,4.258021,0.002988,0.000931,0.3,at_equilibrium,heatbath,120,8
su2,8,16,1.4,configs_paper83,density,level_vs_reference,hot_only,,48,3.969751,0.00213,3.969941,0.002072,-0.00019,0.1,at_equilibrium,heatbath,120,8
su2,8,16,1.6,configs_paper83,density,level_vs_reference,hot_only,,48,3.674672,0.002108,3.674587,0.003494,8.5e-05,0.0,at_equilibrium,heatbath,120,8
su2,8,16,1.8,configs_paper83,density,level_vs_reference,hot_only,,48,3.354028,0.001859,3.348191,0.001907,0.005837,2.2,at_equilibrium,heatbath,120,8
su2,8,16,2.0,configs_paper83,density,level_vs_reference,hot_only,,48,2.993436,0.002287,2.98806,0.002815,0.005376,1.5,at_equilibrium,heatbath,120,8
su2,8,16,2.2,configs_paper83,density,level_vs_reference,hot_only,,48,2.589732,0.001973,2.585249,0.003503,0.004483,1.1,at_equilibrium,heatbath,120,8
su2,8,16,2.3,configs_links_su2,links,level_vs_reference,hot_only,,256,2.386074,0.001016,2.386239,0.002914,-0.000165,0.1,at_equilibrium,heatbath,120,8
su2,8,16,2.3,configs_phase1,density,level_vs_reference,hot_only,,512,2.385322,0.000699,2.386239,0.002914,-0.000917,0.3,at_equilibrium,heatbath,120,8
su2,8,32,2.4,configs_box_su2_b2.40,density,level_vs_reference,hot_only,,96,2.21861,0.000926,2.215642,0.001422,0.002967,1.7,at_equilibrium,heatbath,120,8
su2,8,32,2.4,configs_boxsm_su2,operator,halves_drift,none,,192,1533.151477,0.095978,1531.844615,1531.894857,0.050242,0.6,no_drift,none,0,0
su2,8,16,2.4,configs_paper83,density,level_vs_reference,hot_only,,48,2.218157,0.001847,2.219278,0.003111,-0.001121,0.3,at_equilibrium,heatbath,120,8
su2,8,32,2.5,configs_b25_su2,operator,halves_drift,none,,2304,1441.231725,4.09863,1533.490117,1533.421118,-0.069,2.4,no_drift,none,0,0
su2,8,16,2.6,configs_paper83,density,level_vs_reference,hot_only,,48,1.979431,0.001607,1.983375,0.00249,-0.003944,1.3,at_equilibrium,heatbath,120,8
su2,8,16,2.8,configs_paper83,density,level_vs_reference,hot_only,,48,1.803816,0.001254,1.801151,0.001774,0.002665,1.2,at_equilibrium,heatbath,120,8
su2,12,24,0.5,configs_phase1,density,level_vs_reference,hot_only,,64,5.255506,0.000709,5.25574,0.001365,-0.000234,0.2,at_equilibrium,heatbath,120,8
su2,12,24,2.0,configs_betasweep,density,level_vs_reference,hot_only,,192,2.992603,0.000488,2.989696,0.001671,0.002907,1.7,at_equilibrium,heatbath,120,8
su2,12,24,2.2,configs_betasweep,density,level_vs_reference,hot_only,,192,2.584792,0.000504,2.584281,0.001221,0.000511,0.4,at_equilibrium,heatbath,120,8
su2,12,24,2.3,configs_ladder,density,level_vs_reference,hot_only,,64,2.385404,0.000834,2.386069,0.001373,-0.000665,0.4,at_equilibrium,heatbath,120,8
su2,12,24,2.3,configs_links_su2,links,level_vs_reference,hot_only,,256,2.385912,0.000401,2.386069,0.001373,-0.000157,0.1,at_equilibrium,heatbath,120,8
su2,12,24,2.3,configs_phase1,density,level_vs_reference,hot_only,,128,2.387683,0.000661,2.386069,0.001373,0.001614,1.1,at_equilibrium,heatbath,120,8
su2,12,24,2.4,configs_betasweep,density,level_vs_reference,hot_only,,192,2.219027,0.00045,2.219572,0.000785,-0.000545,0.6,at_equilibrium,heatbath,120,8
su2,12,32,2.4,configs_box_su2_b2.40,density,level_vs_reference,hot_only,,96,2.219258,0.000605,2.218635,0.000863,0.000623,0.6,at_equilibrium,heatbath,120,8
su2,12,32,2.4,configs_boxsm_su2,operator,halves_drift,none,,192,5173.835879,0.311125,5178.077728,5178.118296,0.040568,0.5,no_drift,none,0,0
su2,12,32,2.4,configs_smear_su2_L12,operator,halves_drift,none,,288,4429.129606,48.672742,5086.904643,5087.027954,0.123311,0.3,no_drift,none,0,0
su2,12,32,2.5,configs_b25_su2,operator,halves_drift,none,,2304,4863.161565,13.835008,5157.656087,5157.771337,0.11525,1.5,no_drift,none,0,0
su2,12,24,2.5,configs_ladder,density,level_vs_reference,hot_only,,64,2.088541,0.000718,2.087829,0.000761,0.000712,0.7,at_equilibrium,heatbath,120,8
su2,12,24,2.6,configs_betasweep,density,level_vs_reference,hot_only,,192,1.980385,0.000346,1.979508,0.001344,0.000877,0.6,at_equilibrium,heatbath,120,8
su2,12,24,2.7,configs_ladder,density,level_vs_reference,hot_only,,64,1.886641,0.000605,1.88765,0.000915,-0.001009,0.9,at_equilibrium,heatbath,120,8
su2,16,32,0.5,configs_phase1,density,level_vs_reference,hot_only,,96,5.257345,0.000315,5.257764,0.000522,-0.000419,0.7,at_equilibrium,heatbath,120,8
su2,16,32,0.8,configs_densebeta,density,level_vs_reference,hot_only,,120,4.824805,0.000318,4.823277,0.000605,0.001528,2.2,at_equilibrium,heatbath,120,8
su2,16,32,1.0,configs_densebeta,density,level_vs_reference,hot_only,,192,4.541166,0.000245,4.541216,0.000604,-5e-05,0.1,at_equilibrium,heatbath,120,8
su2,16,32,1.2,configs_densebeta,density,level_vs_reference,hot_only,,192,4.2588,0.000221,4.258264,0.000847,0.000536,0.6,at_equilibrium,heatbath,120,8
su2,16,32,1.4,configs_densebeta,density,level_vs_reference,hot_only,,192,3.971984,0.000207,3.971668,0.000704,0.000316,0.4,at_equilibrium,heatbath,120,8
su2,16,32,1.6,configs_densebeta,density,level_vs_reference,hot_only,,192,3.674433,0.000264,3.674207,0.000707,0.000226,0.3,at_equilibrium,heatbath,120,8
su2,16,32,1.8,configs_densebeta,density,level_vs_reference,hot_only,,192,3.353644,0.00027,3.354023,0.000758,-0.000379,0.5,at_equilibrium,heatbath,120,8
su2,16,32,2.0,configs_betasweep,density,level_vs_reference,hot_only,,192,2.9927,0.000289,2.992855,0.000512,-0.000155,0.3,at_equilibrium,heatbath,120,8
su2,16,32,2.2,configs_betasweep,density,level_vs_reference,hot_only,,192,2.584596,0.000273,2.584585,0.000822,1.1e-05,0.0,at_equilibrium,heatbath,120,8
su2,16,32,2.3,configs_densebeta,density,level_vs_reference,hot_only,,24,2.386978,0.0009,2.386685,0.000982,0.000293,0.2,at_equilibrium,heatbath,120,8
su2,16,32,2.3,configs_gpu_su2_L16,density,level_vs_reference,hot_only,,96,2.386531,0.000377,2.386685,0.000982,-0.000154,0.1,at_equilibrium,heatbath,120,8
su2,16,28,2.3,configs_links_su2,links,level_vs_reference,hot_only,,512,2.386486,0.000161,2.386655,0.000775,-0.000169,0.2,at_equilibrium,heatbath,120,8
su2,16,32,2.3,configs_phase1,density,level_vs_reference,hot_only,,96,2.385837,0.00036,2.386685,0.000982,-0.000848,0.8,at_equilibrium,heatbath,120,8
su2,16,32,2.4,configs_betasweep,density,level_vs_reference,hot_only,,192,2.219836,0.000239,2.219726,0.000559,0.00011,0.2,at_equilibrium,heatbath,120,8
su2,16,32,2.4,configs_box_su2_b2.40,density,level_vs_reference,hot_only,,96,2.219977,0.000341,2.219726,0.000559,0.000251,0.4,at_equilibrium,heatbath,120,8
su2,16,32,2.4,configs_boxsm_su2,operator,halves_drift,none,,192,12263.89772,0.735113,12273.953796,12274.098267,0.14447,1.3,no_drift,none,0,0
su2,16,32,2.4,configs_gpu_su2_L16,density,level_vs_reference,hot_only,,96,2.219819,0.000356,2.219726,0.000559,9.3e-05,0.1,at_equilibrium,heatbath,120,8
su2,16,28,2.4,configs_links_su2,links,level_vs_reference,hot_only,,512,2.219878,0.000156,2.2199,0.000875,-2.2e-05,0.0,at_equilibrium,heatbath,120,8
su2,16,32,2.5,configs_b25_su2,operator,halves_drift,none,,2304,11527.346218,32.791944,12107.897181,12108.073603,0.176422,0.9,no_drift,none,0,0
su2,16,32,2.5,configs_densebeta,density,level_vs_reference,hot_only,,96,2.08787,0.000287,2.088184,0.000564,-0.000314,0.5,at_equilibrium,heatbath,120,8
su2,16,32,2.5,configs_gpu_su2_L16,density,level_vs_reference,hot_only,,96,2.087904,0.000306,2.088184,0.000564,-0.00028,0.4,at_equilibrium,heatbath,120,8
su2,16,32,2.5,configs_ladder,density,level_vs_reference,hot_only,,48,2.088393,0.000445,2.088184,0.000564,0.000209,0.3,at_equilibrium,heatbath,120,8
su2,16,28,2.5,configs_links_su2,links,level_vs_reference,hot_only,,512,2.088036,0.000139,2.088814,0.000805,-0.000778,1.0,at_equilibrium,heatbath,120,8
su2,16,32,2.5,configs_pilot_su2,operator,halves_drift,none,,576,11527.374747,65.6228,8009.667185,8012.704529,3.037343,2.1,no_drift,none,0,0
su2,16,32,2.6,configs_betasweep,density,level_vs_reference,hot_only,,192,1.980269,0.000197,1.97988,0.00048,0.000389,0.8,at_equilibrium,heatbath,120,8
su2,20,40,2.3,configs_densebeta,density,level_vs_reference,hot_only,,48,2.386417,0.000343,2.38591,0.000531,0.000507,0.8,at_equilibrium,heatbath,120,8
su2,20,40,2.3,configs_links_su2,links,level_vs_reference,hot_only,,256,2.386108,0.00015,2.38591,0.000531,0.000198,0.4,at_equilibrium,heatbath,120,8
su2,20,40,2.3,configs_links_su2_density,density,level_vs_reference,hot_only,,256,2.386108,0.00015,2.38591,0.000531,0.000198,0.4,at_equilibrium,heatbath,120,8
su2,20,32,2.4,configs_box_su2_b2.40,density,level_vs_reference,hot_only,,96,2.220058,0.000247,2.219441,0.000318,0.000617,1.5,at_equilibrium,heatbath,120,8
su2,20,32,2.4,configs_boxsm_su2,operator,halves_drift,none,,192,23952.854177,1.430111,23932.970093,23933.273478,0.303385,1.1,no_drift,none,0,0
su2,20,32,2.5,configs_b25_su2,operator,halves_drift,none,,2304,22514.575752,64.045959,15647.652802,15645.742233,-1.910568,1.8,no_drift,none,0,0
su2,24,48,0.5,configs_phase1,density,level_vs_reference,hot_only,,32,5.256739,0.000267,5.256773,0.000379,-3.4e-05,0.1,at_equilibrium,heatbath,120,8
su2,24,48,2.3,configs_phase1,density,level_vs_reference,hot_only,,256,2.386468,0.000111,2.386481,0.000279,-1.3e-05,0.0,at_equilibrium,heatbath,120,8
su2,24,32,2.4,configs_boxsm_su2,operator,halves_drift,none,,96,41424.566935,0.09586,41424.31543,41424.818441,0.503011,2.7,no_drift,none,0,0
su2,28,56,2.3,configs_phase1,density,level_vs_reference,hot_only,,264,2.386478,7.3e-05,2.386511,0.000257,-3.3e-05,0.1,at_equilibrium,heatbath,120,8
su2,32,64,0.5,configs_phase1,density,level_vs_reference,hot_only,,16,5.256916,0.000283,5.257146,0.000156,-0.00023,0.7,at_equilibrium,heatbath,120,8
su2,32,64,2.3,configs_phase1,density,level_vs_reference,hot_only,,260,2.386363,6.1e-05,2.386464,0.000216,-0.000101,0.4,at_equilibrium,heatbath,120,8
su3,6,12,5.0,configs_paper83,density,level_vs_reference,hot_only,,48,3.597563,0.002508,3.597029,0.001632,0.000534,0.2,at_equilibrium,heatbath,120,8
su3,6,12,5.25,configs_paper83,density,level_vs_reference,hot_only,,128,3.359648,0.001864,3.357211,0.00264,0.002437,0.8,at_equilibrium,heatbath,120,8
su3,6,12,5.5,configs_paper83,density,level_vs_reference,hot_only,,48,3.025382,0.003601,3.016293,0.004191,0.009089,1.6,at_equilibrium,heatbath,120,8
su3,6,12,5.75,configs_paper83,density,level_vs_reference,hot_only,,128,2.643135,0.001851,2.640128,0.003288,0.003007,0.8,at_equilibrium,heatbath,120,8
su3,6,12,6.0,configs_paper83,density,level_vs_reference,hot_only,,48,2.434757,0.002173,2.434306,0.00285,0.000452,0.1,at_equilibrium,heatbath,120,8
su3,6,12,6.25,configs_paper83,density,level_vs_reference,hot_only,,128,2.287892,0.001291,2.293089,0.002148,-0.005197,2.1,at_equilibrium,heatbath,120,8
su3,6,12,6.5,configs_paper83,density,level_vs_reference,hot_only,,48,2.167427,0.001717,2.168219,0.00096,-0.000793,0.4,at_equilibrium,heatbath,120,8
su3,6,12,6.75,configs_paper83,density,level_vs_reference,hot_only,,128,2.060995,0.001095,2.064043,0.001827,-0.003048,1.4,at_equilibrium,heatbath,120,8
su3,6,12,7.0,configs_paper83,density,level_vs_reference,hot_only,,48,1.970709,0.001358,1.969855,0.001415,0.000854,0.4,at_equilibrium,heatbath,120,8
su3,8,16,5.5,configs_phase1,density,level_vs_reference,hot_only,,128,3.019562,0.001321,3.014833,0.001859,0.004729,2.1,at_equilibrium,heatbath,120,8
su3,8,16,5.7,configs_phase1,density,level_vs_reference,hot_only,,128,2.704235,0.001219,2.705535,0.001357,-0.001299,0.7,at_equilibrium,heatbath,120,8
su3,8,16,5.9,configs_phase1,density,level_vs_reference,hot_only,,128,2.507808,0.000829,2.506671,0.00122,0.001136,0.8,at_equilibrium,heatbath,120,8
su3,8,16,6.0,configs_phase1,density,level_vs_reference,hot_only,,128,2.435218,0.000922,2.437355,0.001145,-0.002137,1.5,at_equilibrium,heatbath,120,8
su3,8,16,6.1,configs_phase1,density,level_vs_reference,hot_only,,128,2.373969,0.000801,2.375048,0.001244,-0.001079,0.7,at_equilibrium,heatbath,120,8
su3,8,16,6.3,configs_phase1,density,level_vs_reference,hot_only,,128,2.26406,0.000722,2.265452,0.001165,-0.001391,1.0,at_equilibrium,heatbath,120,8
su3,12,24,6.0,configs_phase1,density,level_vs_reference,hot_only,,64,2.438059,0.000511,2.438006,0.000421,5.3e-05,0.1,at_equilibrium,heatbath,120,8
u1,8,16,0.4,configs_paper83,density,level_vs_reference,bracketed,0.004342,48,4.814566,0.002478,4.819946,0.004786,-0.005379,1.0,at_equilibrium,metropolis,20000,8
u1,8,16,0.5,configs_paper83,density,level_vs_reference,bracketed,0.000295,48,4.526002,0.0031,4.525868,0.001203,0.000134,0.0,at_equilibrium,metropolis,20000,8
u1,8,16,0.6,configs_paper83,density,level_vs_reference,bracketed,0.000408,48,4.229811,0.003081,4.232758,0.002563,-0.002947,0.7,at_equilibrium,metropolis,20000,8
u1,8,16,0.7,configs_paper83,density,level_vs_reference,bracketed,0.003692,48,3.922419,0.003104,3.922341,0.004846,7.8e-05,0.0,at_equilibrium,metropolis,20000,8
u1,8,16,0.8,configs_paper83,density,level_vs_reference,bracketed,0.000868,48,3.592154,0.003532,3.587865,0.003835,0.004289,0.8,at_equilibrium,metropolis,20000,8
u1,8,16,0.9,configs_paper83,density,level_vs_reference,bracketed,0.002389,48,3.186422,0.003609,3.184582,0.003641,0.00184,0.4,at_equilibrium,metropolis,20000,8
u1,8,16,0.95,configs_paper83,density,level_vs_reference,bracketed,0.004202,48,2.920058,0.004065,2.921018,0.005479,-0.000959,0.1,at_equilibrium,metropolis,20000,8
u1,8,16,1.0,configs_paper83,density,level_vs_reference,bracketed,0.01462,48,2.486444,0.006447,2.494357,0.015032,-0.007913,0.5,at_equilibrium,metropolis,20000,8
u1,8,16,1.05,configs_paper83,density,level_vs_reference,bracketed,0.002123,48,1.85627,0.003414,1.85683,0.003358,-0.00056,0.1,at_equilibrium,metropolis,20000,8
u1,8,16,1.1,configs_paper83,density,level_vs_reference,bracketed,0.00156,48,1.700854,0.003092,1.699395,0.001891,0.001459,0.4,at_equilibrium,metropolis,20000,8
u1,8,16,1.2,configs_paper83,density,level_vs_reference,bracketed,0.001463,48,1.495518,0.002378,1.489281,0.001709,0.006237,2.1,at_equilibrium,metropolis,20000,8
u1,8,16,1.3,configs_paper83,density,level_vs_reference,bracketed,0.003275,48,1.341281,0.001713,1.339786,0.003472,0.001495,0.4,at_equilibrium,metropolis,20000,8
u1,8,16,1.4,configs_paper83,density,level_vs_reference,bracketed,0.002114,128,1.220722,0.001028,1.221212,0.002299,-0.00049,0.2,at_equilibrium,metropolis,20000,8
u1,8,16,1.5,configs_paper83,density,level_vs_reference,bracketed,0.002539,48,1.126533,0.001478,1.125903,0.002877,0.000631,0.2,at_equilibrium,metropolis,20000,8
u1,8,16,1.6,configs_paper83,density,level_vs_reference,bracketed,0.00255,128,1.042685,0.000945,1.04406,0.002767,-0.001375,0.5,at_equilibrium,metropolis,20000,8
u1,8,16,1.7,configs_paper83,density,level_vs_reference,bracketed,0.003049,48,0.974367,0.001161,0.97507,0.003228,-0.000703,0.2,at_equilibrium,metropolis,20000,8
u1,8,16,1.8,configs_paper83,density,level_vs_reference,bracketed,0.0037,128,0.91263,0.000853,0.911063,0.003891,0.001567,0.4,at_equilibrium,metropolis,20000,8
u1,8,16,2.0,configs_paper83,density,level_vs_reference,bracketed,0.001383,128,0.81102,0.000718,0.811929,0.001622,-0.00091,0.5,at_equilibrium,metropolis,20000,8
u1,8,16,2.2,configs_paper83,density,level_vs_reference,bracketed,0.00231,128,0.732116,0.000639,0.730557,0.002598,0.001559,0.6,at_equilibrium,metropolis,20000,8
u1,8,16,2.5,configs_phase1,density,level_vs_reference,bracketed,0.00365,512,0.638194,0.000312,0.637716,0.003718,0.000479,0.1,at_equilibrium,metropolis,20000,8
